19,19,23,17,22,22,22,21,21,23,24,21,19,22,22,22,21,20,23,21,23,21,20,20,19,22,22,21,23,22,24,23,22,20,23,20,19,23,21,21,22,20,21,22,24,22,22,26,24,23,22,18,21,19,20,22,20,21,23,22,19,20,19,21,22,21,22,21,23,22,20,24,20,22,21,23,22,26,20,22,24,22,19,21,23,23,22,26,18,20,24
30,25,27,26,27,25,28,26,28,26,26,30,24,28,25,30,25,26,29,27,28,24,27,31,26,26,27,28,29,31,29,28,26,26,28,26,26,29,30,26,27,26,29,27,26,26,26,24,29,24,26,30,29,29,27,30,27,25,26,30,29,26,26,28,28,26,28,28,32,31,23,25,25,22,26,28,24,26,27,26,26,26,30,25,27,25,28,29,28,26,27
32,29,28,30,31,32,32,32,32,30,33,27,30,29,33,29,31,32,32,36,31,32,34,30,35,32,35,30,29,31,32,32,31,30,33,30,30,35,35,33,35,31,32,32,33,32,33,34,35,29,30,33,32,34,38,36,34,31,31,39,30,30,32,28,31,33,32,34,34,34,37,30,36,29,31,29,32,38,31,31,33,33,33,32,36,31,34,35,35,31,33
39,37,34,37,39,40,39,42,39,35,38,41,40,40,36,39,41,43,40,38,35,35,40,40,42,40,40,38,37,35,38,32,36,38,37,35,38,37,39,38,41,41,39,37,38,41,37,39,40,34,38,40,35,35,39,39,34,41,36,42,40,40,40,41,38,41,36,37,35,38,40,42,37,35,38,41,37,35,38,42,42,35,33,40,35,40,41,39,41,35,41
35,41,41,40,38,45,44,43,43,49,41,46,48,48,43,48,43,48,46,47,47,49,45,39,50,46,44,48,47,47,47,48,46,38,44,39,46,44,49,47,41,47,45,46,45,42,48,50,47,42,46,45,49,43,50,47,45,46,41,41,41,51,46,44,47,48,49,47,39,44,39,39,50,45,44,41,46,44,43,45,44,43,41,46,46,45,46,42,45,43,46
44,49,46,49,46,42,59,49,49,49,50,48,53,50,55,45,54,50,50,51,50,50,52,45,51,50,50,50,50,51,48,56,55,52,52,53,47,51,53,49,51,53,52,50,54,45,51,57,51,55,51,51,49,54,50,52,56,60,53,50,54,51,52,52,54,47,54,47,54,53,47,51,57,50,53,51,54,48,49,48,50,51,49,53,48,55,54,59,52,52,51
49,53,55,53,54,60,49,51,54,60,55,59,54,56,58,59,62,65,62,55,60,60,59,57,58,58,56,61,65,53,63,55,51,58,59,62,60,60,52,64,63,63,60,68,57,61,62,59,63,65,63,56,56,58,64,58,58,64,57,64,65,55,58,63,57,60,65,59,62,58,66,58,62,57,54,62,60,55,53,55,57,58,56,61,65,62,60,65,57,53,57
56,50,54,55,63,59,57,64,58,61,65,64,66,60,66,64,71,67,69,62,69,67,67,65,63,68,65,63,74,67,56,66,68,59,70,62,67,68,66,65,68,67,67,73,68,70,65,67,64,68,69,63,69,66,60,66,68,67,68,66,71,73,65,67,66,74,72,65,70,72,75,66,66,65,76,67,66,65,68,66,65,71,77,68,67,65,70,66,70,71,65
63,66,72,65,69,66,64,78,72,73,74,72,67,69,72,77,68,73,76,78,74,70,76,76,79,75,68,79,74,76,84,69,73,85,79,84,75,70,75,73,74,73,81,80,69,72,73,68,74,75,83,80,75,81,81,75,84,82,78,73,68,78,86,77,75,71,78,70,80,80,83,80,74,79,77,82,73,76,81,77,73,83,75,76,76,71,79,79,69,80,79
69,60,76,73,73,72,76,72,77,80,75,86,79,78,87,88,88,81,76,87,79,82,85,80,95,86,89,83,80,92,82,83,90,85,86,86,81,82,89,89,88,80,83,80,83,91,83,84,84,86,84,78,88,86,85,83,82,87,82,80,81,88,79,96,91,84,86,88,89,85,92,78,82,81,88,88,90,77,76,85,82,81,87,86,84,91,92,81,89,87,88
70,67,74,73,85,76,84,81,85,88,90,83,91,97,88,94,87,91,93,93,94,89,93,96,96,92,98,98,96,102,92,99,95,96,90,100,90,90,88,104,97,96,87,86,89,102,98,98,93,93,94,88,99,96,94,95,87,97,92,94,93,99,90,85,102,89,99,98,88,91,97,91,89,88,94,99,90,94,95,82,92,97,95,95,103,93,89,94,94,102,92
76,85,78,88,81,80,87,83,89,98,93,100,96,97,95,95,104,105,100,105,105,105,101,96,100,98,104,109,101,114,98,96,110,105,104,102,102,105,100,94,111,106,112,103,110,105,109,106,95,102,104,98,97,97,106,103,103,98,106,108,106,112,103,109,103,99,102,107,101,110,102,98,100,105,109,103,107,102,101,101,114,107,111,103,102,110,100,102,108,100,112
85,91,84,104,101,94,95,106,93,105,114,107,110,107,113,104,99,114,106,113,108,114,111,108,122,101,112,111,112,106,107,105,109,114,124,106,116,117,110,114,111,109,118,119,120,112,115,112,123,113,112,108,110,107,109,105,112,99,113,119,114,113,111,117,125,121,115,120,128,111,114,113,126,118,110,108,108,110,119,112,112,130,110,119,113,110,119,113,111,117,112
87,95,93,105,99,105,106,111,102,110,110,105,106,122,113,129,128,117,115,125,123,128,123,124,125,128,126,123,120,117,120,128,127,122,125,130,119,118,127,126,124,129,113,125,123,130,118,126,124,117,128,122,132,115,126,131,120,125,132,125,110,134,123,128,124,123,127,119,122,122,134,125,133,118,133,118,118,130,133,124,118,125,116,130,125,133,128,111,127,122,120
93,98,102,98,116,109,109,116,123,110,107,121,109,110,134,121,126,133,125,127,135,128,139,138,133,141,135,141,142,129,126,137,148,141,140,131,141,128,140,141,138,129,136,143,127,140,137,144,129,146,142,137,122,135,143,128,142,135,148,142,128,137,139,129,136,145,135,134,152,139,142,136,147,141,137,138,126,135,139,134,134,137,132,129,150,135,143,140,131,145,144
90,90,111,118,107,112,139,125,118,130,125,138,147,137,126,130,133,139,139,144,154,151,139,141,133,147,136,141,149,149,142,155,158,149,156,143,144,146,150,158,134,152,146,156,143,161,157,154,149,135,148,148,151,149,147,136,152,133,150,152,152,148,161,154,144,154,146,170,136,152,146,158,151,150,146,148,152,147,149,142,154,140,149,141,140,140,145,147,163,154,142
110,118,112,113,127,120,133,137,123,142,133,137,156,146,144,147,138,151,152,156,164,159,152,154,145,163,155,160,168,149,152,161,160,154,157,168,167,160,163,172,158,155,145,177,152,167,164,162,158,159,156,180,160,171,158,160,159,165,163,158,152,161,159,157,157,167,162,157,176,154,164,167,175,166,164,167,158,162,160,152,153,159,159,151,156,165,172,169,157,147,172
118,134,126,114,135,136,135,147,152,138,156,145,136,153,160,172,155,157,164,155,150,148,169,168,172,177,170,164,174,170,166,155,181,175,157,167,164,169,181,176,175,192,166,177,176,180,198,179,173,163,160,170,173,174,167,172,164,177,173,169,167,169,170,172,168,191,178,178,174,177,165,175,166,179,183,176,178,169,189,178,181,184,175,184,171,165,187,162,179,168,185
118,139,109,131,131,140,138,133,139,163,156,174,168,177,159,167,173,170,180,169,163,170,170,198,184,185,168,164,179,188,186,188,179,196,201,190,185,188,185,186,194,178,193,184,198,195,176,172,187,197,185,165,173,188,188,191,188,189,183,176,181,191,195,188,196,190,186,187,180,177,189,186,171,179,188,195,183,173,186,183,175,208,195,210,193,183,212,202,194,196,183
122,134,133,135,141,148,174,149,175,160,178,183,193,180,172,171,181,175,175,184,183,200,178,189,192,204,203,183,197,202,205,184,193,203,190,197,188,182,200,204,199,206,192,192,201,190,194,203,195,212,198,187,212,202,186,197,209,188,210,191,183,207,209,207,194,205,189,203,196,212,191,195,194,215,196,216,214,205,195,202,210,196,211,205,198,201,197,207,203,209,199
122,158,129,150,171,147,154,183,174,173,192,184,183,187,198,198,206,203,191,191,195,212,217,211,212,194,205,204,213,208,209,220,212,188,211,197,211,212,216,213,216,213,229,214,210,211,224,217,221,215,221,216,211,214,222,227,212,214,229,219,217,210,225,218,215,204,205,216,224,211,211,222,210,219,220,211,204,220,214,209,228,224,218,218,200,228,230,202,212,212,213
130,128,151,158,165,169,157,169,183,193,176,173,193,197,201,184,209,197,222,207,217,211,193,192,225,222,228,216,229,212,227,218,216,224,233,229,233,222,210,219,207,224,243,227,248,226,206,242,230,225,240,232,223,236,237,238,235,238,232,238,227,223,235,221,224,240,235,242,241,235,246,252,226,235,232,230,230,225,231,232,239,239,238,224,224,219,231,234,236,224,237
134,163,154,153,185,191,173,172,167,216,187,194,214,194,206,207,224,202,221,208,208,215,224,230,240,231,240,231,236,237,237,234,252,236,247,229,239,227,241,238,238,254,237,239,258,256,252,240,244,229,250,243,241,256,260,256,244,244,244,257,239,247,248,247,221,247,255,264,250,225,257,253,231,234,241,247,238,248,238,264,261,234,228,250,244,251,249,263,257,252,248
135,134,165,184,175,174,182,178,204,222,225,191,207,224,227,234,215,216,247,224,219,217,222,250,239,244,253,245,240,238,247,241,252,241,243,254,263,252,260,255,251,250,269,248,243,273,249,254,278,266,260,268,269,251,285,235,263,248,260,267,267,262,263,252,249,280,255,266,259,248,264,266,275,262,277,268,256,277,254,237,283,267,264,251,268,248,277,250,265,246,265
148,178,160,166,183,186,177,236,222,201,186,232,244,246,251,235,249,220,252,257,257,251,250,277,235,274,279,259,261,258,273,266,270,285,245,262,267,255,287,274,269,279,285,270,266,286,265,269,286,245,269,266,277,268,281,280,276,248,288,282,274,283,276,274,275,293,280,263,277,264,274,285,281,264,266,289,291,276,298,274,263,276,290,287,274,272,290,278,269,277,285
149,181,173,179,185,202,211,211,242,225,235,223,203,223,245,251,267,266,257,253,245,252,270,262,256,289,298,276,259,289,277,296,255,284,279,300,308,272,290,287,299,287,278,299,314,292,271,289,283,301,303,293,295,291,282,296,293,305,303,308,300,286,290,297,296,281,315,297,293,285,292,282,286,315,318,308,275,296,293,297,285,278,304,297,308,306,300,277,304,288,305
168,187,198,201,184,199,235,216,216,227,233,245,245,248,225,270,268,275,266,291,284,278,282,312,301,314,290,291,280,283,277,288,303,321,294,268,293,302,300,322,298,296,321,304,322,300,291,291,316,299,327,304,307,305,288,293,291,309,327,310,321,277,310,322,308,305,320,324,315,320,325,320,318,338,312,307,340,311,316,302,311,331,339,323,313,313,317,336,330,298,299
179,185,197,203,190,226,224,234,233,238,254,236,239,285,292,261,278,273,272,292,283,297,305,288,309,314,318,313,311,296,336,314,305,329,302,320,319,307,299,312,311,324,319,327,346,318,327,316,344,324,338,333,312,339,300,335,335,330,342,321,327,341,328,331,331,300,339,323,319,321,329,326,346,344,326,325,337,350,308,328,322,316,311,333,330,328,344,328,343,343,331
172,181,192,200,217,234,225,240,265,239,249,277,272,273,276,264,288,300,307,299,292,317,299,307,306,313,317,306,332,315,319,311,348,325,325,337,339,348,349,343,344,327,340,337,331,355,346,359,339,345,357,326,329,351,351,358,347,350,334,329,340,346,326,337,355,343,344,363,363,355,342,324,326,331,338,352,330,347,337,351,349,369,345,353,363,369,326,348,320,347,349
195,176,211,206,209,224,233,237,248,250,258,266,264,265,292,301,295,332,296,301,327,354,326,342,325,292,342,323,333,332,346,326,356,347,311,364,361,342,351,361,353,350,351,333,360,373,347,362,328,356,350,373,363,375,342,365,396,372,335,366,350,379,334,360,345,370,338,361,369,353,363,354,372,377,367,353,381,362,380,381,370,373,373,378,364,365,376,362,358,385,335
167,198,192,190,232,218,267,254,250,278,299,269,307,320,338,320,329,330,310,323,348,350,334,327,339,347,313,338,345,351,346,345,355,357,361,376,383,359,361,363,376,374,369,375,383,357,390,389,366,384,361,381,379,393,360,369,415,367,375,399,373,373,386,373,406,365,387,398,371,404,367,394,381,406,368,399,377,397,381,401,387,382,394,389,368,397,395,383,416,364,409
210,213,212,240,239,262,233,260,267,274,287,289,314,322,334,330,327,295,338,351,343,347,373,338,350,374,382,369,336,378,360,392,359,335,380,386,373,389,375,379,404,377,370,375,397,389,369,391,391,371,381,403,388,396,387,397,400,396,412,414,412,399,402,398,405,406,412,390,411,398,384,411,396,443,392,404,394,426,424,400,413,406,397,418,408,406,398,393,422,419,422
206,220,245,210,241,272,265,259,308,287,328,338,320,352,343,328,343,360,343,331,352,352,376,375,325,392,386,370,382,390,381,388,417,393,391,363,414,397,425,417,428,399,430,425,435,408,407,408,420,429,379,405,436,416,411,429,417,414,435,421,429,440,409,421,406,418,417,401,434,437,422,409,438,471,422,442,412,422,427,438,439,434,424,445,422,433,430,416,414,408,463
208,246,247,268,276,283,279,277,304,290,312,342,341,331,331,367,334,321,368,366,401,390,372,389,389,402,390,375,361,410,418,380,402,402,413,405,459,390,396,411,414,373,418,435,418,399,429,437,441,424,410,426,425,435,421,428,432,453,420,461,459,446,445,435,458,416,428,431,462,438,454,472,464,466,451,491,450,419,443,440,441,428,448,462,444,446,435,430,448,438,437
218,228,238,246,265,303,304,313,308,330,351,351,354,353,369,357,380,329,367,366,404,411,405,413,373,421,423,406,414,414,423,432,445,426,463,437,427,423,398,436,421,441,453,446,439,432,408,437,464,448,457,452,497,461,462,482,470,467,445,453,454,444,453,451,463,463,448,465,470,459,469,463,490,470,467,482,471,456,453,477,496,496,434,494,469,463,463,495,457,464,458
226,192,260,278,266,305,293,312,354,320,333,364,383,377,366,383,387,362,413,378,393,393,406,416,431,436,383,429,385,401,453,447,419,416,432,435,461,473,414,435,451,469,451,455,437,416,486,495,451,485,453,463,449,483,481,497,477,478,449,500,473,466,486,470,496,480,515,487,502,497,487,485,465,508,485,493,467,492,477,480,483,535,493,468,501,457,474,468,497,477,473
235,233,288,289,319,304,314,328,318,313,357,396,372,409,417,383,364,430,417,386,429,411,413,458,397,439,429,429,441,467,460,439,472,478,488,498,454,474,433,470,514,493,457,475,513,509,485,518,531,471,475,490,510,551,482,501,504,491,487,534,489,492,470,522,506,518,471,491,482,537,497,513,510,514,486,497,513,508,501,501,499,475,524,517,514,547,517,495,494,514,522
241,243,273,281,315,311,302,343,362,352,363,353,409,372,373,399,405,406,433,422,393,430,461,423,487,440,461,475,504,464,487,478,505,524,456,507,481,502,489,520,526,535,454,501,502,501,526,507,487,544,483,502,510,541,533,551,527,514,514,517,536,505,525,532,508,506,535,540,536,540,550,547,542,518,525,518,535,545,539,519,545,556,566,539,540,529,527,524,515,525,536
239,248,297,292,292,345,303,331,342,344,378,392,409,383,399,400,437,423,467,411,487,459,450,451,435,474,476,489,484,448,466,508,485,502,475,532,514,535,504,523,509,554,526,534,521,525,546,550,537,539,524,529,534,526,554,550,525,544,562,522,527,542,514,567,588,545,578,520,525,575,556,529,575,544,571,577,576,554,548,575,562,558,561,561,529,551,554,553,571,572,582
229,250,277,290,308,302,342,388,366,382,381,415,459,417,412,439,419,483,477,470,473,450,446,487,434,513,517,496,486,493,505,461,505,517,503,504,517,531,526,495,537,539,535,515,547,561,544,539,572,568,540,548,550,567,555,573,546,547,535,528,568,544,536,576,590,561,580,569,552,557,581,589,574,591,583,569,587,589,577,573,565,564,561,567,586,565,578,588,580,587,580
260,257,301,319,308,308,349,360,363,360,385,384,432,408,421,456,431,490,464,453,498,507,477,492,466,483,523,494,528,536,520,543,556,549,545,574,543,548,537,530,592,601,564,587,569,554,593,575,573,576,582,598,562,564,591,581,598,575,598,608,554,576,604,566,631,602,593,602,632,613,593,574,578,585,604,593,554,613,620,607,619,588,582,611,596,605,629,612,592,589,599
251,293,330,307,322,362,328,351,368,421,429,408,427,446,425,461,436,465,498,483,506,512,526,551,539,471,509,526,521,547,505,544,553,542,598,559,595,568,544,616,576,563,555,584,578,609,597,575,575,583,610,544,620,596,587,572,616,629,596,656,622,613,618,630,571,619,616,600,623,655,625,627,609,601,582,644,642,639,605,618,640,608,631,631,614,624,611,627,628,635,626
238,279,324,308,327,320,381,366,416,445,471,420,419,435,446,470,445,529,492,535,520,489,554,507,546,532,536,543,539,556,504,511,558,614,553,541,574,576,601,600,614,621,613,609,601,600,615,607,622,610,637,601,623,597,625,629,641,596,647,614,612,616,638,632,641,648,634,661,675,645,636,675,633,604,625,618,635,627,646,648,654,632,666,659,677,670,647,698,655,609,674
263,253,334,322,346,387,392,404,407,401,433,456,485,474,474,510,530,510,479,540,514,519,520,523,559,543,559,515,590,583,556,627,583,571,619,622,564,609,617,653,631,619,604,659,630,652,620,622,611,613,666,669,680,666,682,646,665,649,635,663,655,647,678,681,647,688,696,691,697,665,687,675,691,662,698,692,642,675,680,684,678,722,656,698,732,698,741,660,683,636,685
289,334,347,333,330,346,375,418,394,411,443,416,469,443,504,501,555,545,511,485,528,552,540,589,603,601,566,580,554,611,616,622,576,581,631,583,621,605,631,611,632,631,632,661,649,667,685,728,633,669,633,682,697,623,654,648,658,688,625,687,666,699,673,658,713,720,681,663,706,685,668,706,678,727,709,711,683,723,714,718,697,711,705,676,668,681,725,720,685,697,697
255,318,323,348,356,390,368,424,476,449,447,494,445,508,496,488,522,519,511,520,543,572,597,574,571,562,594,578,600,619,580,595,666,616,642,628,648,664,700,663,648,726,689,667,641,703,698,705,679,685,658,658,662,723,698,675,684,682,712,712,722,718,704,730,705,726,682,738,688,708,714,726,754,699,753,739,681,705,739,682,736,723,739,722,749,737,760,759,749,709,732
294,337,316,358,377,415,457,425,408,431,467,495,508,465,490,547,568,521,573,533,547,569,626,562,596,625,592,631,659,624,635,638,681,626,660,673,703,717,691,646,675,713,721,684,720,705,665,692,719,687,706,748,706,725,709,725,729,719,713,740,730,736,720,744,763,730,715,698,771,782,750,742,746,762,756,755,724,743,736,707,744,731,771,713,768,760,762,752,748,766,765
284,348,321,370,349,421,420,437,455,468,491,499,551,516,497,552,539,548,510,583,596,580,608,631,620,644,630,612,619,701,620,651,637,711,670,658,676,672,665,724,687,727,742,720,725,739,704,702,733,738,715,667,733,756,785,769,755,762,729,746,742,727,744,738,777,777,733,773,770,772,789,726,726,753,789,828,768,741,742,763,755,807,783,795,750,764,757,771,803,817,795
318,328,335,329,419,433,418,515,427,510,500,500,535,498,556,582,572,566,590,601,610,635,620,651,645,609,623,655,678,666,650,691,705,645,683,713,764,713,728,723,747,711,755,731,709,749,792,765,755,787,733,777,753,799,753,783,774,763,774,767,742,842,819,779,723,785,797,775,767,820,784,790,793,790,788,799,787,805,759,802,782,795,803,813,814,837,787,833,819,790,798
299,351,402,435,373,422,428,477,461,461,529,478,507,562,575,579,586,629,618,562,631,690,659,669,649,681,642,702,653,731,687,649,704,681,694,694,707,710,754,722,758,750,734,778,782,725,735,740,817,812,790,780,776,838,760,806,794,798,785,804,843,832,787,814,862,813,820,804,769,821,779,841,819,821,817,858,815,827,844,828,800,803,834,858,876,818,810,835,854,845,806
322,343,334,427,427,411,376,440,441,510,477,519,514,557,562,560,598,646,622,631,642,697,705,658,695,682,697,671,708,733,692,691,755,686,768,807,763,752,780,747,773,798,790,792,809,729,822,759,797,818,796,828,823,845,807,851,809,814,847,824,790,843,852,809,831,863,850,881,832,860,870,814,866,890,833,849,831,812,842,824,869,835,832,889,858,881,826,851,867,881,883
316,380,355,352,412,481,527,509,582,466,495,542,545,611,567,621,607,574,658,661,689,660,672,683,733,679,721,693,693,731,680,708,755,755,789,773,798,763,787,765,832,763,808,804,812,839,814,812,827,801,821,852,857,844,887,843,792,846,834,841,857,832,843,866,882,880,846,877,868,875,900,878,909,883,864,869,884,888,875,900,869,894,894,860,870,863,853,883,880,925,852
297,396,365,428,451,395,478,433,486,493,538,507,564,582,590,615,584,664,639,686,701,692,676,692,754,724,712,723,724,725,763,776,787,791,750,789,723,745,797,787,793,807,826,793,858,843,794,830,848,881,815,821,854,894,857,861,895,895,889,819,921,892,938,852,916,887,880,905,908,918,906,905,888,902,888,904,884,896,853,929,912,933,912,929,954,911,883,894,905,882,876
334,358,353,399,365,443,546,493,547,606,517,549,557,600,583,621,621,630,674,688,698,662,660,679,703,727,794,742,749,799,781,802,809,795,761,827,766,874,830,773,857,791,865,858,861,843,834,869,874,877,901,864,936,882,927,856,908,903,842,915,916,929,901,872,937,954,889,942,933,977,911,971,889,921,911,940,909,965,909,908,909,948,940,928,942,962,999,911,965,958,917
342,374,392,432,471,509,469,494,481,484,499,549,592,594,623,625,668,657,649,680,689,752,734,645,790,768,764,747,805,831,781,788,798,829,870,782,826,845,858,909,836,860,894,904,865,903,885,883,887,948,884,918,865,912,923,954,946,872,932,931,908,927,932,936,937,963,974,929,1010,977,953,927,984,1000,988,975,934,951,982,1000,934,950,960,964,976,1003,948,963,974,971,975
356,345,401,418,439,530,493,561,550,516,622,611,628,657,636,716,662,656,729,718,776,766,712,770,775,770,802,747,785,839,829,829,754,866,856,854,861,815,854,943,848,911,859,814,958,891,953,946,901,942,987,885,947,906,929,959,954,964,992,976,940,968,958,976,960,1052,988,952,996,961,952,1006,974,1011,1024,974,1055,1013,986,1005,1063,1030,980,977,995,974,971,992,1012,982,1035
336,431,407,502,461,485,539,511,590,595,594,585,581,596,603,651,706,672,739,755,743,699,776,782,802,787,808,786,807,821,804,856,811,850,910,831,825,864,861,902,988,857,937,922,885,970,961,949,905,955,940,902,936,968,925,914,980,996,1007,991,1016,1023,987,1013,1007,1007,973,1062,1060,980,1040,1039,1054,1014,1020,1007,1036,1006,1001,1070,1023,1041,1031,1075,1092,1048,1006,1155,1027,1024,1076
385,417,422,486,500,427,523,541,519,588,599,659,641,611,676,642,713,782,736,717,792,748,810,733,776,848,832,864,827,846,844,831,819,922,907,827,863,916,882,930,948,967,939,985,938,923,1006,1006,989,983,977,995,930,1029,1030,969,1019,963,1034,982,979,1053,1004,1002,999,1038,997,1068,1077,1034,1054,1068,1084,1026,1028,1042,1044,1093,1019,1025,1051,1075,1044,1058,1071,1095,1045,1076,1043,1087,1054
370,388,475,473,505,519,501,543,562,612,623,589,662,628,665,708,696,716,752,726,776,738,772,802,806,813,796,808,844,919,875,846,911,943,984,936,955,926,948,937,964,961,964,997,931,950,996,1057,991,1015,1004,1049,982,993,1031,1011,1042,1055,1023,1098,1055,1042,1044,1038,1038,1061,1093,988,1058,1050,1056,1032,1019,1080,1116,1104,1062,1034,1086,1096,1103,1085,1083,1111,1108,1125,1114,1043,1065,1114,1105
375,356,419,429,451,489,517,602,593,607,613,634,687,640,710,704,709,819,794,779,796,777,790,789,848,857,875,833,899,853,906,918,929,899,899,939,921,916,1022,922,953,1005,987,1015,979,1054,1020,1005,995,976,1014,1086,1005,1052,1023,1034,1078,1008,1079,1051,1010,1055,1084,1156,1036,1153,1132,1165,1133,1117,1011,1085,1138,1077,1064,1089,1166,1058,1125,1078,1156,1108,1121,1105,1149,1122,1065,1171,1118,1111,1131
332,425,422,480,494,511,569,570,561,562,575,679,675,714,751,794,718,772,763,758,780,793,844,866,889,797,877,898,902,855,909,874,997,925,947,1017,902,1003,1001,967,958,939,1058,1028,1040,1021,1066,1024,1065,1084,986,1037,1037,1078,1037,1107,1075,1076,1097,1082,1019,1106,1123,1115,1153,1122,1079,1027,1172,1094,1125,1134,1133,1129,1125,1087,1134,1128,1195,1178,1137,1123,1205,1111,1098,1166,1204,1190,1183,1158,1150
429,425,492,526,461,524,491,604,665,612,596,700,671,716,722,755,770,779,805,780,777,829,840,874,880,895,907,913,941,913,943,909,941,961,905,949,992,975,1056,1071,1047,966,1009,1076,1034,1029,1072,1100,1093,1040,1123,1071,1125,1115,1128,1151,1165,1106,1077,1101,1183,1110,1111,1094,1102,1080,1108,1107,1225,1115,1126,1142,1144,1122,1090,1115,1152,1218,1182,1193,1183,1168,1246,1160,1186,1143,1228,1234,1145,1166,1171
355,434,418,460,543,510,595,613,603,666,623,700,697,685,743,776,755,762,826,837,856,761,874,809,863,856,895,995,879,925,1020,875,1002,1023,1021,1019,1017,1020,1015,1102,1088,1054,1023,1056,1118,1106,1087,1084,1055,1145,1126,1106,1190,1095,1123,1111,1160,1147,1132,1196,1154,1168,1199,1220,1201,1201,1173,1171,1100,1201,1139,1242,1199,1199,1204,1121,1221,1191,1186,1217,1147,1241,1244,1191,1230,1284,1202,1121,1245,1288,1199
401,412,482,486,545,495,605,599,608,653,703,710,795,672,767,762,734,784,858,847,859,866,886,856,911,996,912,977,947,972,1037,996,943,969,1051,1019,1066,1113,1089,1042,1044,1108,1157,1128,1102,1110,1037,1157,1159,1121,1203,1186,1123,1197,1134,1120,1110,1210,1168,1233,1174,1147,1138,1209,1168,1178,1226,1214,1268,1259,1225,1203,1190,1202,1151,1210,1306,1230,1297,1218,1222,1284,1283,1269,1248,1294,1234,1251,1239,1183,1250
441,431,456,499,509,586,552,661,618,647,723,694,721,770,809,735,743,811,804,871,823,951,891,876,978,897,1065,937,915,965,972,1024,1044,1052,1011,1076,1061,1069,1104,1052,1033,1085,1138,1149,1149,1180,1138,1148,1119,1132,1151,1129,1262,1191,1185,1172,1265,1151,1196,1181,1254,1200,1198,1241,1152,1294,1224,1261,1264,1207,1246,1169,1273,1250,1247,1313,1296,1315,1291,1269,1214,1221,1247,1275,1245,1312,1330,1318,1303,1232,1277
410,452,474,543,572,570,607,616,640,679,648,731,778,694,743,829,838,833,878,857,912,870,934,1017,840,917,1011,974,987,992,961,1048,1051,1060,1083,1071,1118,1027,1084,1184,1125,1185,1151,1127,1231,1138,1186,1198,1149,1138,1199,1193,1135,1091,1188,1253,1263,1193,1237,1255,1207,1202,1248,1275,1255,1299,1232,1309,1322,1269,1285,1337,1216,1243,1370,1280,1304,1299,1344,1276,1246,1351,1385,1369,1348,1331,1279,1340,1341,1398,1313
384,513,508,472,539,557,614,598,688,687,725,716,739,784,813,798,936,848,882,888,948,968,967,977,1033,1134,1004,1010,1013,1116,1060,1090,1033,1078,1068,1171,1185,1068,1123,1174,1212,1107,1200,1125,1202,1128,1241,1234,1265,1152,1227,1272,1273,1249,1274,1195,1256,1151,1326,1227,1293,1290,1302,1274,1294,1252,1333,1360,1251,1317,1330,1304,1364,1288,1235,1377,1431,1376,1338,1360,1259,1342,1376,1326,1270,1292,1358,1366,1335,1375,1388
446,449,497,518,520,574,605,617,742,716,736,790,717,772,807,817,806,861,903,916,948,937,975,987,942,998,1015,1041,1031,1042,1080,1091,1137,1054,1108,1176,1097,1176,1161,1133,1201,1242,1142,1152,1217,1136,1219,1259,1266,1243,1198,1311,1208,1345,1285,1346,1277,1307,1364,1275,1267,1344,1285,1313,1371,1363,1333,1305,1328,1273,1349,1383,1379,1269,1425,1363,1354,1375,1422,1318,1339,1306,1347,1347,1374,1359,1387,1344,1333,1347,1342
401,412,440,589,538,558,608,667,701,667,745,757,837,832,818,817,836,899,910,1002,968,980,982,931,1000,1077,1009,1078,1068,1094,1129,1097,1078,1106,1181,1081,1147,1158,1177,1161,1206,1243,1248,1212,1208,1229,1262,1202,1269,1310,1288,1281,1309,1308,1330,1381,1329,1375,1324,1322,1230,1261,1352,1366,1329,1303,1393,1375,1389,1344,1392,1378,1382,1343,1419,1334,1404,1409,1447,1377,1369,1478,1420,1392,1393,1456,1387,1399,1440,1404,1434
467,430,506,557,618,644,614,639,696,679,761,799,735,789,827,781,954,890,1013,983,968,917,1038,974,1175,1086,1081,1032,1136,1100,1095,1093,1134,1096,1091,1205,1204,1228,1160,1221,1260,1306,1242,1247,1233,1283,1217,1279,1319,1246,1306,1315,1248,1278,1350,1297,1267,1339,1276,1307,1333,1343,1338,1415,1403,1393,1402,1385,1376,1464,1471,1411,1348,1380,1434,1467,1452,1369,1409,1434,1486,1405,1461,1468,1387,1460,1433,1483,1463,1426,1415
429,537,524,513,588,561,626,641,730,750,742,832,791,864,842,890,957,949,921,918,963,1016,1034,1000,1037,1061,1036,1055,1046,1057,1089,1218,1126,1209,1141,1218,1172,1225,1192,1271,1209,1184,1286,1333,1286,1331,1280,1299,1330,1374,1336,1325,1281,1447,1278,1351,1377,1284,1380,1449,1443,1352,1471,1404,1382,1429,1418,1513,1391,1407,1455,1466,1490,1484,1413,1526,1465,1499,1528,1479,1488,1395,1438,1525,1454,1484,1445,1491,1501,1540,1435
422,481,511,537,563,626,773,720,623,738,788,741,870,819,893,876,890,943,969,965,1020,1016,1003,1079,1066,1054,1099,1180,1174,1148,1082,1121,1218,1187,1208,1150,1200,1165,1291,1228,1294,1231,1297,1288,1313,1400,1328,1303,1268,1353,1354,1310,1338,1430,1385,1411,1454,1373,1355,1461,1457,1357,1347,1460,1452,1378,1480,1528,1441,1450,1541,1470,1520,1516,1538,1488,1440,1470,1513,1492,1573,1445,1561,1584,1497,1513,1527,1509,1504,1492,1598
446,559,521,563,571,635,668,751,737,781,834,788,834,819,835,972,865,876,899,1000,1139,1066,1085,1040,1159,1125,1187,1220,1100,1161,1221,1253,1135,1199,1243,1246,1255,1248,1306,1262,1274,1279,1371,1307,1340,1333,1273,1379,1288,1343,1453,1323,1395,1410,1366,1343,1418,1454,1505,1500,1482,1472,1423,1486,1457,1455,1405,1453,1489,1554,1502,1546,1518,1513,1520,1550,1576,1558,1485,1462,1552,1497,1494,1578,1549,1579,1492,1558,1568,1548,1582
457,517,555,599,556,694,687,720,704,805,755,896,839,936,924,966,922,880,980,1044,997,1097,972,966,1109,1201,1148,1148,1210,1218,1200,1267,1288,1228,1275,1313,1265,1247,1307,1336,1322,1269,1316,1306,1356,1388,1380,1375,1318,1370,1419,1372,1434,1524,1410,1446,1379,1464,1538,1362,1438,1436,1541,1543,1563,1495,1599,1545,1554,1448,1426,1533,1422,1484,1648,1504,1539,1580,1517,1558,1497,1480,1593,1614,1637,1658,1550,1616,1625,1556,1710
459,522,557,604,641,637,700,662,680,798,772,787,873,900,881,1021,977,956,940,973,1001,1152,1185,1125,1141,1050,1140,1104,1157,1181,1310,1256,1233,1183,1346,1332,1393,1309,1366,1304,1362,1388,1336,1421,1362,1432,1418,1393,1573,1456,1415,1483,1430,1499,1549,1535,1389,1469,1535,1490,1625,1558,1533,1513,1529,1513,1496,1597,1558,1615,1619,1540,1644,1644,1611,1556,1622,1527,1672,1599,1675,1589,1707,1620,1557,1605,1671,1632,1573,1660,1695
407,545,553,545,606,670,696,724,701,851,768,824,856,952,921,931,936,893,1095,1076,1098,1031,1089,1087,1145,1151,1217,1102,1226,1346,1225,1279,1318,1300,1264,1310,1325,1397,1391,1443,1330,1442,1345,1339,1387,1470,1338,1376,1405,1447,1471,1459,1540,1452,1535,1447,1501,1491,1559,1505,1536,1602,1612,1587,1552,1586,1617,1580,1547,1531,1639,1578,1648,1524,1697,1571,1650,1606,1669,1669,1660,1614,1640,1686,1609,1634,1615,1597,1699,1598,1651
446,519,581,615,645,707,667,707,748,778,841,954,855,877,929,1035,915,1042,1049,1044,1175,1094,1209,1108,1137,1168,1231,1156,1173,1307,1225,1328,1339,1273,1294,1243,1265,1413,1374,1376,1514,1495,1374,1414,1520,1449,1469,1418,1459,1439,1453,1512,1511,1580,1521,1538,1471,1515,1492,1633,1582,1606,1628,1575,1612,1581,1613,1620,1628,1542,1626,1562,1567,1626,1669,1668,1653,1622,1719,1692,1676,1695,1643,1652,1619,1673,1691,1719,1716,1735,1676
523,492,577,751,712,695,722,810,846,781,834,902,909,937,980,978,1123,1042,1071,1087,1105,1184,1139,1185,1245,1213,1231,1313,1242,1278,1365,1226,1317,1379,1239,1405,1387,1410,1428,1389,1409,1365,1433,1501,1430,1413,1501,1583,1537,1429,1518,1471,1611,1457,1588,1554,1593,1522,1628,1573,1659,1584,1690,1675,1611,1612,1712,1660,1655,1619,1689,1731,1685,1645,1661,1640,1681,1639,1631,1716,1758,1775,1742,1701,1676,1728,1663,1743,1728,1850,1774
512,541,611,623,705,651,718,729,751,910,842,938,913,963,955,995,976,1008,1090,1124,1148,1153,1151,1195,1269,1186,1270,1243,1297,1280,1338,1292,1341,1343,1372,1345,1425,1396,1340,1417,1541,1481,1556,1458,1494,1482,1524,1495,1573,1527,1575,1572,1579,1636,1552,1650,1568,1680,1637,1594,1653,1644,1642,1671,1639,1665,1725,1626,1716,1804,1668,1654,1713,1730,1684,1664,1808,1818,1784,1800,1731,1745,1684,1796,1797,1691,1701,1755,1785,1765,1839
507,577,565,664,698,782,797,804,767,770,873,865,884,984,1002,994,968,1099,996,1116,1068,1141,1303,1214,1143,1251,1202,1249,1314,1340,1392,1328,1339,1291,1450,1328,1502,1359,1457,1508,1532,1485,1562,1527,1529,1556,1536,1530,1593,1676,1557,1530,1508,1574,1614,1668,1627,1597,1653,1714,1661,1702,1677,1715,1706,1801,1634,1748,1707,1733,1741,1787,1719,1722,1776,1702,1817,1761,1687,1815,1729,1731,1841,1839,1792,1812,1831,1738,1762,1796,1806
533,603,539,598,706,720,771,787,767,847,908,874,965,1013,1079,1017,1115,1081,1105,1089,1161,1062,1213,1247,1280,1248,1364,1354,1252,1277,1281,1363,1403,1365,1408,1463,1436,1401,1434,1461,1467,1509,1603,1617,1612,1625,1514,1585,1631,1642,1652,1640,1689,1564,1658,1610,1673,1659,1653,1699,1682,1767,1704,1750,1687,1648,1804,1735,1722,1729,1798,1734,1743,1747,1804,1851,1760,1804,1843,1829,1844,1807,1824,1863,1853,1836,1785,1867,1841,1912,1938
514,496,599,589,661,684,697,795,873,913,861,952,1033,909,939,1067,1070,1087,1118,1166,1176,1172,1233,1222,1241,1277,1287,1295,1328,1348,1352,1415,1421,1367,1444,1458,1444,1459,1469,1600,1670,1589,1634,1589,1580,1553,1603,1614,1547,1607,1664,1694,1688,1599,1685,1661,1718,1725,1767,1749,1781,1741,1781,1852,1714,1827,1746,1740,1717,1689,1828,1802,1815,1758,1892,1793,1697,1903,1914,1859,1907,1860,1904,1918,1883,1977,1877,1956,1875,1859,1910
526,539,701,646,711,743,750,780,818,853,899,940,976,968,985,1002,1073,1164,1118,1123,1191,1181,1097,1275,1383,1332,1352,1420,1317,1330,1433,1401,1516,1515,1491,1533,1549,1521,1611,1602,1501,1606,1575,1557,1625,1607,1598,1571,1663,1629,1703,1742,1766,1719,1777,1637,1722,1696,1817,1723,1757,1727,1711,1803,1782,1763,1849,1823,1851,1878,1793,1913,1900,1941,1880,1810,1943,1891,1883,1899,1908,1924,1912,1960,1950,1954,1943,2013,1842,1902,1980
562,618,590,742,687,787,831,853,873,853,906,908,1003,1107,1013,1190,1066,1092,1128,1136,1202,1277,1294,1296,1348,1427,1304,1342,1519,1523,1426,1540,1464,1537,1469,1549,1469,1561,1524,1514,1558,1612,1665,1631,1631,1639,1631,1583,1660,1612,1748,1719,1659,1736,1808,1747,1720,1826,1783,1820,1833,1675,1781,1843,1821,1715,1839,1850,1887,1766,1929,1817,1900,1888,2009,1869,1986,1893,1872,1905,1918,1986,1939,1920,1899,1947,1893,2021,1960,1902,2017
561,609,533,700,768,690,781,818,919,901,932,1005,1015,1029,1009,1050,1118,1213,1217,1205,1225,1140,1324,1383,1339,1393,1300,1370,1325,1361,1402,1509,1468,1570,1584,1584,1571,1529,1525,1607,1585,1699,1639,1672,1748,1556,1757,1665,1712,1765,1746,1795,1775,1810,1743,1736,1805,1798,1826,1706,1957,1820,1864,1990,1894,1894,1971,1863,1873,1909,1899,1893,1908,1906,1888,1940,1910,2034,1936,2009,1961,1995,1896,2015,1971,2011,1910,2012,2087,2034,2156
536,573,643,680,713,719,769,762,896,888,941,1100,993,1094,1042,1197,1130,1173,1140,1191,1233,1249,1339,1327,1357,1318,1409,1448,1414,1378,1516,1517,1510,1468,1574,1514,1502,1616,1633,1615,1725,1636,1755,1726,1680,1673,1679,1750,1878,1654,1846,1716,1764,1830,1800,1792,1816,1852,1885,1805,1771,1920,2006,1797,1987,1899,1912,1954,1906,2012,1937,1957,1968,1966,1983,1969,1969,2025,1960,2167,1967,2087,2057,1941,2006,1964,1951,2125,2036,2086,2075
556,611,608,646,744,820,815,846,906,903,921,1073,966,1012,1098,1094,1206,1308,1250,1315,1255,1250,1308,1464,1462,1352,1479,1320,1397,1436,1529,1483,1601,1562,1564,1552,1609,1660,1691,1654,1703,1688,1691,1794,1664,1666,1760,1720,1752,1812,1750,1796,1809,1863,1775,1859,1822,1876,1810,1928,1825,1915,1882,1886,1910,2066,1999,1936,2054,1995,1895,1993,1965,1998,1947,2015,2026,1947,2121,2052,1992,1996,2042,2068,2027,2023,1997,2177,2046,2172,2086
558,611,687,674,774,720,873,858,884,975,872,1035,1050,1062,1138,1167,1143,1191,1280,1185,1327,1349,1389,1299,1345,1422,1429,1419,1520,1528,1566,1490,1658,1623,1641,1662,1670,1536,1541,1591,1680,1713,1718,1683,1835,1788,1806,1773,1857,1820,1704,1830,1699,1982,1854,1905,1881,1939,1809,1873,2038,2021,1907,2009,2073,1989,2155,1999,1969,2004,1995,1932,2014,2043,2035,2098,2028,2072,2107,2125,1982,2072,2103,2113,1998,2157,2044,2087,2209,2188,2057
520,593,769,681,778,746,901,856,896,996,1001,1062,994,1180,1115,1101,1170,1249,1291,1191,1236,1281,1321,1338,1427,1331,1435,1524,1502,1552,1417,1612,1535,1620,1589,1732,1674,1677,1676,1652,1694,1774,1741,1707,1778,1775,1794,1768,1903,1868,1850,1924,1904,1838,1869,1892,1902,1890,1883,1988,1944,2070,1963,2072,1984,2007,2000,1993,2000,2072,2073,1967,2083,2082,1963,2170,2110,2023,2108,2181,2117,2136,2107,2111,2082,2034,2052,2122,2145,2268,2174
482,602,682,727,769,771,902,778,922,970,1066,956,1083,1163,1252,1194,1143,1291,1243,1258,1388,1276,1367,1314,1485,1453,1493,1433,1425,1537,1604,1579,1594,1634,1623,1708,1704,1578,1716,1731,1710,1638,1772,1810,1821,1920,1802,1752,1849,1947,1861,1931,1943,1837,1878,1858,1904,1972,1975,1976,1911,2023,2004,1995,2029,1916,2129,2081,1962,2090,2038,2088,2079,2098,2110,2115,2049,2148,2174,2196,2150,2152,2119,2103,2219,2114,2204,2173,2262,2190,2242
570,712,722,706,787,865,817,911,937,987,1030,1037,986,1067,1194,1042,1094,1265,1285,1241,1366,1422,1407,1411,1430,1414,1428,1604,1566,1567,1521,1686,1738,1595,1757,1599,1569,1761,1757,1747,1717,1694,1821,1740,1897,1838,1851,1789,1859,1900,1851,1861,1995,1992,1937,2008,1976,2104,2060,1981,1999,2040,2102,2133,2030,2072,2061,2092,2136,2088,2018,2013,2162,2157,2075,2160,2200,2240,2187,2132,2089,2164,2203,2235,2154,2232,2154,2225,2157,2298,2219
